frame,pos_x,pos_y,pos_z,roll,pitch,yaw
0,-0.2390873,1.4345218,0.044222947,160.69073133377128,38.55830838695455,4.645206836654442
1,-0.2390873,1.4345218,0.044222947,160.69073133377128,38.55830838695455,4.645206836654442
2,-0.2397537,1.4346154,0.045165014,160.6733005358307,38.613950733329816,4.564745198574464
3,-0.2404392,1.4349455,0.045992672,160.75307445230843,38.66432546380692,4.560302291235791
4,-0.24110359,1.4351985,0.046680566,160.87715478017384,38.72402805694753,4.696263316718981
5,-0.24180105,1.4353148,0.0471052,161.03897554272731,38.79648475939503,4.929869217015915
6,-0.24240503,1.4353688,0.047172494,161.24368707581462,38.86565037722577,5.186013739944539
7,-0.24274538,1.4352738,0.047092754,161.4240824357031,38.95198051435242,5.467949801486215
8,-0.24283168,1.434938,0.04705103,161.54018366271208,39.0949532189513,5.80406561813808
9,-0.242589,1.434291,0.047121864,161.5490257524813,39.26985579289051,6.166506065274179
10,-0.24211283,1.4333557,0.04733445,161.43970216805994,39.4844621783124,6.537974094955236
11,-0.24171,1.4322708,0.047628634,161.2041865092352,39.709389113248385,6.800862083348162
12,-0.24145313,1.4310883,0.04795138,160.75614821692102,40.01858918339081,6.7519674484983785
13,-0.24137092,1.4301773,0.04806925,160.01254618776397,40.35939221017316,6.14779497534791
14,-0.24119693,1.4295546,0.04782209,159.3753830940116,40.64798627927083,5.568026068641462
15,-0.2408019,1.4289646,0.047408897,158.94510392364634,40.88097839379043,5.256318724455511
16,-0.24032794,1.4284352,0.046956066,158.65474929995548,41.037234040373725,5.091794631460834
17,-0.23994511,1.428087,0.046527702,158.44786212949992,41.16689895451559,4.97717149789163
18,-0.23969242,1.4277685,0.046314757,158.25539811911273,41.34814076708335,4.875039307119974
19,-0.23956624,1.4273621,0.046432134,158.0442749952324,41.583504504038274,4.78055245278383
20,-0.23952763,1.4268129,0.046867795,157.8377735005845,41.84115856917753,4.759514388476329
21,-0.23956692,1.4260049,0.04763605,157.62978253902563,42.111508008473464,4.854785612289491
22,-0.23977472,1.4252056,0.048635013,157.55675570411512,42.40689349324379,5.118076382472298
23,-0.2400772,1.4246126,0.04964749,157.7037134410066,42.723860491273015,5.563360906125819
24,-0.24034595,1.4240167,0.050597023,157.98176673874468,43.0712208063484,6.186973309070757
25,-0.24076982,1.423433,0.05168476,158.19977842373277,43.45522174513605,6.74384994655113
26,-0.24137384,1.4229265,0.05283422,158.42538122178826,43.87364480803104,7.281001934722981
27,-0.24204476,1.4225285,0.05380721,158.68071617993098,44.24765146116218,7.779477051597915
28,-0.24276735,1.4222038,0.054476745,159.01981278121116,44.560962429854776,8.323857672917143
29,-0.2435834,1.4219236,0.054876786,159.46564748485426,44.838422164426866,8.976127429450418
30,-0.24449094,1.4214369,0.05527006,159.80421440413087,45.12315882356472,9.59882301547713
31,-0.24555406,1.4208207,0.055699382,160.0637872930865,45.4401696504584,10.1435191557653
32,-0.24668603,1.420129,0.05621509,160.25793202611808,45.79256924777165,10.626077367764966
33,-0.24777853,1.4194043,0.056781393,160.43564666166415,46.18453401992036,11.111062800613306
34,-0.24887873,1.418719,0.05736782,160.612879390052,46.56894263994103,11.570372365621491
35,-0.24976256,1.4179571,0.058010597,160.74355085456804,46.89372442050279,12.02570984915064
36,-0.25045273,1.4172535,0.058671545,160.8345620620964,47.13317070761035,12.419651214820755
37,-0.2510158,1.4166539,0.059381407,160.91127241144093,47.336116159531045,12.762243954682008
38,-0.25140536,1.4161987,0.060040243,161.04964019894425,47.511549407137196,13.131740521872443
39,-0.25156122,1.4159825,0.060548626,161.24355289209564,47.607607202436114,13.481283355615362
40,-0.2516305,1.4158599,0.061002787,161.45651088568496,47.65126782037338,13.811270147683576
41,-0.2518532,1.4157896,0.061522566,161.64717484083997,47.711177406389936,14.067779761093211
42,-0.25212425,1.4157668,0.06205436,161.81858233089406,47.7484347878897,14.275759334922803
43,-0.25242642,1.4157789,0.06259259,162.04490821315588,47.7973856943422,14.540784729874078
44,-0.252726,1.415806,0.06314227,162.29297312877898,47.85557660701877,14.84103988484655
45,-0.25300407,1.4158583,0.06367857,162.5155629306155,47.934292254309895,15.097453640640206
46,-0.25324723,1.415893,0.064196944,162.70419289807424,48.04724015672541,15.306140819524714
47,-0.25343147,1.415884,0.064618945,162.81878527538555,48.14788789304301,15.425430068159022
48,-0.25352788,1.4157677,0.06487973,162.8960604683414,48.21847042981546,15.537115557407542
49,-0.2535548,1.4155154,0.06513004,162.91516592105742,48.26897517263676,15.658800220044634
50,-0.25370482,1.4153421,0.065351635,162.9736090675141,48.3250602923284,15.79219318936873
51,-0.2540033,1.4153172,0.06553938,163.07241104210271,48.38190293908702,15.915013761562804
52,-0.254296,1.4152459,0.0658024,163.16092776568587,48.456001409613435,16.04979775881772
53,-0.25452247,1.4150755,0.06613527,163.19814485302845,48.52982576448566,16.15684918716816
54,-0.2546722,1.4148748,0.06640384,163.21901800682232,48.57759876199693,16.261436646558444
55,-0.25480863,1.4146504,0.06663104,163.21766210974343,48.61106985349977,16.349899269688503
56,-0.25494677,1.4143611,0.066889085,163.15687478805805,48.655522211762204,16.40522240102737
57,-0.25505236,1.4140289,0.06712157,163.07803453670428,48.717574706083795,16.46751723746413
58,-0.25508958,1.4136066,0.06736196,162.99888058959237,48.79696842006269,16.577069611738803
59,-0.2552834,1.4134004,0.06746929,162.9865477642585,48.835352916872296,16.66165217080735
60,-0.2555179,1.4133441,0.067508355,163.0422039810798,48.834599624302385,16.79190530505388
61,-0.25576168,1.4132215,0.06757452,163.1023567797963,48.82660627378574,16.9756004772458
62,-0.2560733,1.4130663,0.067714326,163.1854309837606,48.84578546979301,17.178732058002236
63,-0.25629446,1.4129194,0.06796425,163.26606641249717,48.92044550041022,17.347411397444485
64,-0.25636572,1.4128398,0.068245,163.30037557167745,49.02219361378242,17.400163416119877
65,-0.25636056,1.4128151,0.068457976,163.3015980159699,49.09845971033393,17.371212439564907
66,-0.25628054,1.41285,0.068519495,163.33272062138414,49.12652288618883,17.359030003790046
67,-0.25619346,1.4128485,0.06853198,163.38594688133995,49.12787954435637,17.39377833906194
68,-0.2561124,1.4127226,0.06855901,163.48139114189308,49.145998796081486,17.529181095121253
69,-0.2561709,1.4125309,0.06869384,163.5045522279074,49.2124985784344,17.593233377375253
70,-0.25637695,1.4123708,0.06890496,163.4741982667195,49.326348486824195,17.559545158769165
71,-0.25653413,1.4121884,0.06916824,163.3830742848486,49.44259799221161,17.47159601608813
72,-0.2567195,1.4121006,0.069379285,163.31388894640307,49.50831226361304,17.380450216268862
73,-0.25701323,1.4121133,0.06954091,163.3461623286858,49.51693798560425,17.398042710907397
74,-0.25745857,1.4121588,0.0697426,163.4317343954346,49.48858397668475,17.513276628084128
75,-0.2580438,1.4121717,0.07003611,163.58441059829892,49.49552267904463,17.727649271036686
76,-0.25860503,1.41203,0.07044071,163.73955443858932,49.58497679246973,17.964050871151723
77,-0.259022,1.4117962,0.070857406,163.7764920463357,49.70073231935983,18.04981868764385
78,-0.2591725,1.4115715,0.07110978,163.75662429736835,49.777748988124614,18.05089332216564
79,-0.25900066,1.4113764,0.07115354,163.73709880908515,49.79096906687869,18.0633330166668
80,-0.258694,1.4113389,0.07104378,163.74568191064836,49.75210771002249,18.060257350189815
81,-0.25838068,1.411452,0.07091578,163.7440829255003,49.69719791034482,18.00932253774717
82,-0.25807044,1.4116079,0.0708072,163.7554029482622,49.63517063397648,17.968334490144663
83,-0.25778693,1.411794,0.07071415,163.80185216455675,49.56661231765806,17.956389315743547
84,-0.25756925,1.4120625,0.07061527,163.90371240147033,49.508636762244684,17.978306796853023
85,-0.25745246,1.4123217,0.07055092,163.96562663418376,49.466880815306475,17.964306477947073
86,-0.2574409,1.4124948,0.07052483,163.94773854260004,49.41711292579826,17.908363032568836
87,-0.25753093,1.412591,0.07049251,163.93480760333279,49.34435196216231,17.906790720813976
88,-0.2578355,1.4126651,0.0705272,164.02023803995255,49.321692513857016,18.012338828277755
89,-0.2582911,1.4126216,0.07074533,164.09755578157703,49.37709324937158,18.128287545228876
90,-0.25872892,1.4124411,0.07108742,164.1242016347046,49.49303304100769,18.22124039809632
91,-0.25909728,1.4122614,0.0713719,164.10389439889946,49.581146821840264,18.247048394909378
92,-0.25923163,1.4120464,0.07157643,164.05653406208407,49.6080478687245,18.275701457198966
93,-0.25914806,1.4118867,0.07167021,164.05369846663106,49.59215890118923,18.352000112068126
94,-0.25904277,1.4119494,0.07162153,164.09343221705174,49.54528842791736,18.387683749851476
95,-0.2589234,1.4120904,0.07154572,164.18996082043472,49.53191386462677,18.457294038354103
96,-0.2587982,1.4121858,0.071521685,164.28742503267867,49.569417489465515,18.536710339215542
97,-0.25865167,1.412167,0.07158321,164.35053700767304,49.639217237074476,18.616548534104684
98,-0.25851494,1.4120926,0.071698196,164.3446983927327,49.683921380035876,18.63635177915325
99,-0.25832552,1.4119806,0.07177082,164.28906473260983,49.65314972065466,18.62875268037384
100,-0.25818053,1.4119774,0.071743146,164.32493402512176,49.59583872264014,18.68859844493338
101,-0.25815046,1.4120604,0.071761146,164.31673941796646,49.5410952667833,18.671159267683
102,-0.2582187,1.4121553,0.07181531,164.29992158007582,49.456595482318214,18.64061337803253
103,-0.25835997,1.4121691,0.07197546,164.31939493870942,49.360528305793295,18.690013689668177
104,-0.25863442,1.4121273,0.07230612,164.42593949082595,49.32108245822996,18.843769466098294
105,-0.25896862,1.4119983,0.072837576,164.5558877664734,49.37406990813237,19.03547749195679
106,-0.2592794,1.4119055,0.073432304,164.69995718130943,49.4953914445734,19.208620042209144
107,-0.2594062,1.4119177,0.07389349,164.81432192195737,49.595021802968155,19.304610564680416
108,-0.2592656,1.4120184,0.07409607,164.84274728828422,49.59664732870805,19.291681345465822
109,-0.2589756,1.4121785,0.07401795,164.85038146850374,49.50815679128662,19.269974760701935
110,-0.25875536,1.4123272,0.07379839,164.84853688627996,49.409214628616226,19.254351809815482
111,-0.2586864,1.4122537,0.07366773,164.75562694212874,49.36361575243698,19.213022952624705
112,-0.25880894,1.4119234,0.073682405,164.6256892609069,49.38743171807778,19.208823914273946
113,-0.2591143,1.411497,0.073720105,164.53047728033314,49.455155761228234,19.24698931726444
114,-0.2594019,1.4110439,0.073661864,164.36248428047455,49.492312369856556,19.203453116696515
115,-0.25951755,1.4106762,0.07342192,164.15702186949085,49.46515304078486,19.111559708605068
116,-0.25950503,1.4104483,0.07307002,163.96920594925422,49.39861082721019,19.00902985445195
117,-0.25941822,1.4102887,0.07271436,163.78424063997718,49.34384616117135,18.888452056116492
118,-0.25934216,1.4101447,0.07242723,163.6058323958796,49.30613317845969,18.74347092653116
119,-0.25933716,1.4100146,0.07223803,163.44996278854774,49.251428910272956,18.608259508243325
120,-0.2594636,1.4098514,0.07217208,163.4090740986913,49.22275639641192,18.61497487197955
121,-0.2597519,1.4095734,0.072342545,163.43091036223845,49.27915640863452,18.73501455413837
122,-0.2601325,1.409215,0.07275998,163.40757367885118,49.395098530443,18.831564651294535
123,-0.26039958,1.4089687,0.073164694,163.44624980871717,49.52044179911168,18.951045442720098
124,-0.26043263,1.408927,0.07336593,163.54811348512192,49.59000019055499,19.054946179874158
125,-0.26020676,1.4090217,0.07333568,163.61738816777702,49.57989978052431,19.071146453165976
126,-0.2598199,1.4091707,0.073139675,163.62629145554928,49.50174858599706,19.01529090354555
127,-0.2594578,1.40933,0.07289653,163.65707703828292,49.41317557243327,18.991234748122192
128,-0.2592157,1.4093856,0.072789855,163.72568249166147,49.4061023090914,19.061547102794453
129,-0.25908345,1.4092721,0.072863445,163.7151284395227,49.468294014811384,19.088709828876752
130,-0.25883123,1.4089129,0.07295401,163.51731344001547,49.46720169494484,19.00979288141481
131,-0.2585782,1.4085932,0.07285647,163.35737846157878,49.35672830642145,18.96638504594961
132,-0.25855199,1.4085006,0.072693445,163.3698440674382,49.253407513283975,19.052522294391018
133,-0.25877208,1.4085349,0.0726785,163.4808210234689,49.274960642868834,19.200695552139052
134,-0.25905097,1.4085308,0.072859146,163.54818099858332,49.41809322370288,19.286612606196645
135,-0.25926882,1.4085406,0.07296649,163.55427137839428,49.55933372117717,19.27395079904791
136,-0.25930524,1.4084637,0.072889656,163.4773917277928,49.61816877553882,19.20779005043047
137,-0.2591439,1.4081821,0.07270805,163.29144185742376,49.58596800408101,19.112013342218194
138,-0.2589531,1.407824,0.07247427,163.10891164870216,49.521074546294,19.046314652826066
139,-0.2589453,1.4076256,0.07223139,163.01411885421263,49.46720838966284,19.010705083994278
140,-0.25908446,1.4075705,0.072002046,162.9468775304639,49.414628108804955,18.963377565327946
141,-0.25930953,1.4075924,0.07170705,162.92594213705786,49.3911902014014,18.944853910315153
142,-0.2595927,1.4076058,0.07123394,162.91696670959996,49.41737436666628,18.92574626130925
143,-0.25996062,1.4075985,0.070639685,162.79922678299812,49.46688959058131,18.792064670647342
144,-0.2603116,1.4074955,0.06996809,162.63761909438423,49.48640863054661,18.64934909460684
145,-0.26050237,1.4071599,0.069471374,162.4353309770384,49.5207288607343,18.539727001196148
146,-0.2605189,1.4067639,0.069236726,162.18637980200947,49.57914345619456,18.4064535941665
147,-0.26062268,1.4067273,0.06894264,161.97149795397573,49.49275285543351,18.12906006798703
148,-0.2608277,1.4067992,0.068726964,161.8806616111269,49.31580406973731,17.942097936517076
149,-0.26108927,1.406694,0.068706684,162.0223106937393,49.25327480986386,18.11187370131271
150,-0.26161253,1.406461,0.06884614,162.09725836924088,49.322336844872176,18.23968030740018
151,-0.2623909,1.4061269,0.06893464,162.00330479744372,49.404924792488565,18.170452875383372
152,-0.2631399,1.4056522,0.06893571,161.88371512054047,49.4462138724196,18.13408260913968
153,-0.2636892,1.4050584,0.06894656,161.74001203029675,49.492574558749666,18.157474118610864
154,-0.2643796,1.4047859,0.06875582,161.58186113215305,49.50962584706007,18.01877838891497
155,-0.2651113,1.4046371,0.06840207,161.34964912936726,49.52086028726634,17.815710244599508
156,-0.2657857,1.4043759,0.06796728,161.03336879736165,49.52193875903864,17.61579661740854
157,-0.2665359,1.4041938,0.06732234,160.7423501276891,49.478773720940794,17.36002320669994
158,-0.26704547,1.4039489,0.06657311,160.40851315036568,49.369133068305075,17.04691570773878
159,-0.2671303,1.4035379,0.06593764,159.96391371795215,49.22437499132656,16.67398664107239
160,-0.26688978,1.4031638,0.06530888,159.55083471061198,49.02582524109135,16.28268376905839
161,-0.26623902,1.4029602,0.064620264,159.14743307746144,48.77025673982375,15.872064065786235
162,-0.2650856,1.4029913,0.06378527,158.76218773337683,48.428355240389735,15.4523696909382
163,-0.26359722,1.4032825,0.062811285,158.4946658026146,48.00387084051058,15.115918130209662
164,-0.2620107,1.4038574,0.061797116,158.39053230770816,47.575180985022406,14.878544285238082
165,-0.2604159,1.4045604,0.061025474,158.24533013167252,47.18536180618969,14.570423171981385
166,-0.25904813,1.4052944,0.06033831,158.04886539312577,46.853262345484914,14.168465452986501
167,-0.2580245,1.4059944,0.059442967,157.8858072284517,46.516398450695576,13.79872000249107
168,-0.25723884,1.4064801,0.05832265,157.75985380952662,46.1220464582631,13.562789146557295
169,-0.25663477,1.4066812,0.057154737,157.62280463596022,45.73328532096292,13.437955404832802
170,-0.256215,1.4066137,0.05597059,157.44809644425277,45.39874879510253,13.334583272777717
171,-0.2559293,1.4064198,0.054818947,157.23311852120358,45.12756778560664,13.162198433219572
172,-0.25562236,1.4060978,0.053781074,156.9422198455952,44.93618768251301,12.90318848840797
173,-0.2554666,1.4059843,0.0527486,156.5901977904252,44.78132105936917,12.428777924819721
174,-0.25532418,1.4060065,0.051745523,156.1880636167207,44.62014082640771,11.858462011347086
175,-0.25478074,1.4058833,0.050862413,155.66977423473995,44.434814793214905,11.29175903833597
176,-0.2538753,1.4057125,0.05002026,155.16004208256692,44.19774502351899,10.789245410420476
177,-0.25282395,1.4056528,0.049199145,154.82236648078464,43.91352705632522,10.429018587763055
178,-0.25169632,1.4057133,0.048331875,154.6430090531081,43.63000474576463,10.199938841181995
179,-0.25072062,1.405759,0.04760642,154.46239871047996,43.38501714347232,9.969849099790046
180,-0.24995403,1.4057384,0.047013294,154.2080913277951,43.134153420907076,9.678149907069812
181,-0.24937603,1.4056765,0.04649805,153.97110296375513,42.867718369692604,9.449884282153924
182,-0.24906382,1.4057244,0.04596884,153.86065519498146,42.62891712463229,9.3190803234292
183,-0.24907741,1.4057808,0.04561158,153.78306783545736,42.49073592250704,9.188646422988471
184,-0.24933176,1.4057696,0.04546745,153.7048967709124,42.46762148089049,9.097013870568542
185,-0.24965475,1.4056736,0.04540037,153.65899118239608,42.50271058470463,9.093220335681508
186,-0.24991676,1.4054005,0.045349654,153.567080398048,42.54759916082365,9.098780712768365
187,-0.25008067,1.404957,0.04525569,153.39275741426303,42.55927027487691,9.04625189928486
188,-0.25013447,1.4044269,0.045184836,153.2025395420637,42.54994325934078,9.00123356423492
189,-0.25007528,1.403858,0.045225464,153.02518807967746,42.54223921987098,8.989791077897447
190,-0.24996848,1.4033877,0.045361076,152.8928394241392,42.531465371244764,9.000831793779293
191,-0.24984986,1.4030933,0.045540772,152.82730525436958,42.516992147547676,9.0337115402736
192,-0.24976104,1.4029566,0.04578455,152.82918368019935,42.49206023660592,9.08371396116437
193,-0.24968223,1.4029316,0.046080727,152.92366790435844,42.48618831827199,9.202930201951197
194,-0.24969104,1.4029989,0.04640965,153.05274187196196,42.520190038481346,9.329404022542514
195,-0.24977118,1.4030353,0.046779748,153.15115905753262,42.583500269832605,9.431022337346315
196,-0.24985899,1.4029939,0.04714789,153.22869415337453,42.67018954785248,9.537323994060907
197,-0.2499637,1.4029616,0.047410417,153.3085546493021,42.76434378369352,9.6415025748414
198,-0.2500851,1.4029067,0.047570713,153.3883817862913,42.85512114344696,9.74018991195953
199,-0.25012952,1.4027557,0.047696546,153.42498557066756,42.93283129630246,9.820246047403845
200,-0.25008327,1.4025874,0.0477699,153.42002703945954,42.99243811076162,9.852472558335677
201,-0.25003,1.4024773,0.04779868,153.41386547136918,43.0451238453084,9.8414000806715
202,-0.24996722,1.4023981,0.047808737,153.38614712305096,43.0953381836721,9.795717001706914
203,-0.24988241,1.4023265,0.04779353,153.33614325893254,43.11269519537965,9.726218294199782
204,-0.24973485,1.4021941,0.047819544,153.2547036199714,43.092788003515096,9.674234936666211
205,-0.2495036,1.4019967,0.0478548,153.1381845062929,43.021635309025896,9.623740651880665
206,-0.24921471,1.4018623,0.047811676,153.07398671091534,42.93246103432176,9.602009314604903
207,-0.2488658,1.4017931,0.04782774,153.03617638162478,42.9044725960031,9.601830067522856
208,-0.24855475,1.4018644,0.047860857,152.98685209112114,42.92196143658349,9.51011323254966
209,-0.24830328,1.4020714,0.047800515,152.89462363266304,42.88240763055253,9.294756930879702
210,-0.24806714,1.4022797,0.047684517,152.82022699270368,42.77109738723026,9.137892105327238
211,-0.24792965,1.402399,0.047614485,152.80140458749798,42.640804303519666,9.106334865366668
212,-0.2479481,1.4023798,0.04773404,152.83699330674602,42.585381392105525,9.187764696800361
213,-0.24813735,1.4023048,0.048068855,152.89810177731133,42.63081220813046,9.295973537281101
214,-0.24829507,1.4022293,0.04849467,152.96990132278123,42.73915222079616,9.423862544385727
215,-0.2483846,1.4022816,0.048773166,153.0370159035486,42.8071751440111,9.490718366254647
216,-0.2484132,1.4024715,0.048783302,153.11687921595478,42.801644233371235,9.519951157482497
217,-0.24841519,1.4027051,0.048590187,153.20651493162975,42.74966708277054,9.536091840548105
218,-0.24838127,1.4029003,0.048334144,153.2525464471858,42.69627443842648,9.50417543187545
219,-0.2483491,1.4030701,0.048065927,153.25455781899115,42.6374755987836,9.387656296055617
220,-0.24825208,1.4032396,0.04779813,153.2474598424563,42.608146372399005,9.25954417710611
221,-0.24801162,1.4033558,0.047506403,153.1845104822762,42.51942674037272,9.097762097422425
222,-0.24775611,1.4034208,0.047256645,153.13236503174213,42.42069201525877,8.993689893256093
223,-0.24770856,1.4034483,0.04715782,153.08604208580735,42.39957752635937,8.938505591526539
224,-0.24800181,1.4034508,0.047186732,153.00015146423397,42.398017497369395,8.864626261861916
225,-0.24856743,1.4033414,0.047335573,152.96764622558416,42.42028532832496,8.930917174069993
226,-0.24939585,1.4030956,0.04761008,153.0033331972832,42.477710126247466,9.117355087908004
227,-0.25036502,1.4026679,0.048108634,153.06065937503837,42.59100658120777,9.378997068088392
228,-0.2513438,1.4021164,0.048849367,153.14313096600617,42.77705477567466,9.699612207634816
229,-0.25230208,1.4016426,0.049976744,153.27931642785126,43.03686689036022,10.073836853533196
230,-0.25285405,1.4012549,0.050856426,153.35199142101325,43.29162899938293,10.297647049376106
231,-0.2531144,1.4011317,0.051476598,153.3803320940234,43.48000778094927,10.36316338847499
232,-0.25311399,1.4012188,0.05181219,153.45453630845793,43.59612905669682,10.418703221941179
233,-0.25294098,1.4014492,0.05190389,153.5416625995829,43.61532904486995,10.4287085184
234,-0.25255778,1.4016724,0.051845487,153.64942016740602,43.58924684995294,10.48055846521588
235,-0.2520249,1.4018397,0.051683918,153.72313756398657,43.524542465111786,10.507163320474673
236,-0.25151268,1.4020667,0.051401917,153.7681626067611,43.44246561757611,10.447152495303426
237,-0.251009,1.4022846,0.05105856,153.75360816706132,43.349890623250225,10.31928248149395
238,-0.25057647,1.4024513,0.05063618,153.69627888766576,43.22634781565316,10.16307233095024
239,-0.25018886,1.402478,0.05020159,153.62495194270642,43.09813778670949,10.066557023068254
240,-0.24997051,1.4024285,0.04985167,153.51947899317454,42.98414555682324,9.97526462749296
241,-0.24995315,1.4023623,0.049620878,153.4246019519412,42.92016341886611,9.906808547310568
242,-0.24999037,1.4022305,0.049507167,153.37922521244462,42.91324436346275,9.918110972204884
243,-0.25000492,1.4020488,0.0494859,153.345486835723,42.9331825292709,9.948217695038895
244,-0.25002438,1.4019074,0.049471144,153.3033203806535,42.93678293509638,9.934594657866773
245,-0.25006267,1.401791,0.049455605,153.27241920872612,42.95721456673327,9.93801310361294
246,-0.25022906,1.4016733,0.049475268,153.23136917520495,43.00669702618758,9.939768754647197
247,-0.2504785,1.4014618,0.04960879,153.16304422070434,43.09193278354036,9.931782637325874
248,-0.250698,1.4011657,0.04983771,153.0791461700171,43.16618853531423,9.92525002607714
249,-0.25085118,1.4009095,0.050044466,153.05496648861802,43.20213261170964,9.98821964173755
250,-0.25102556,1.4007871,0.05012299,153.11265442387645,43.204278448406335,10.096614478636436
251,-0.25118947,1.4006845,0.050226603,153.13704721436306,43.20980726419294,10.17435976343695
252,-0.25127342,1.4005347,0.050435532,153.10745581123928,43.2257225869923,10.222154967416143
253,-0.25125092,1.4004008,0.05066882,153.08502318123416,43.24471945197426,10.273414882110337
254,-0.25118774,1.4003384,0.05087597,153.07737356326916,43.26865979983579,10.296883164603855
255,-0.25114942,1.400367,0.05100174,153.08914590079272,43.31240816745901,10.306289415233731
256,-0.25120026,1.4005033,0.05101726,153.1022908146127,43.35180436477302,10.27260800686672
257,-0.2512953,1.4006021,0.0510111,153.0954859248008,43.382214324395434,10.23702981462324
258,-0.25138253,1.400582,0.051101685,153.06276616904597,43.41066108880212,10.225499546550207
259,-0.2514314,1.4004788,0.051259283,153.0273336713629,43.42060772730261,10.241888543725361
260,-0.25140625,1.4003288,0.05143701,153.01539373008765,43.434012618762445,10.298672190464895
261,-0.25135347,1.4002273,0.05161964,153.0353590324195,43.476007680433625,10.3661480910689
262,-0.2512583,1.4002333,0.051791936,153.04164058406573,43.54457938134113,10.370918261290017
263,-0.25114042,1.4003972,0.051860943,153.0131837184122,43.567205932537135,10.269413825848444
264,-0.25102726,1.400642,0.051785495,153.00517414535,43.51426702471092,10.169444344004615
265,-0.25087193,1.4008068,0.051678177,152.99582101413387,43.41922066654955,10.12548148407929
266,-0.25079763,1.4009283,0.05161098,153.01359231333717,43.35929308336224,10.134777289933018
267,-0.2509302,1.4010527,0.051620517,153.06964903804172,43.3888481006473,10.165001172653492
268,-0.25114298,1.4011098,0.051743295,153.09819584243087,43.483514232744156,10.184675667590797
269,-0.2513552,1.401137,0.051850162,153.08250838997506,43.549027061342606,10.173011079275186
270,-0.2516466,1.4012575,0.051757585,153.15937054719782,43.565798564010166,10.22781930801975
271,-0.2519539,1.40132,0.051632926,153.2343299243507,43.580615256643284,10.309518238156052
272,-0.25211233,1.4011647,0.05165125,153.21481506480205,43.617458190651334,10.358749650052014
273,-0.2520576,1.4008964,0.051795192,153.16055386851139,43.69042504109163,10.38743048488301
274,-0.2518481,1.40077,0.051896047,153.1180422133718,43.75399083665061,10.345947990509544
275,-0.2515731,1.4008796,0.051833477,153.10191024589156,43.75834225622743,10.23349844197581
276,-0.25126323,1.4011086,0.0517087,153.09485063364707,43.697884736708865,10.1268092865359
277,-0.25098696,1.4013156,0.051632028,153.09935440889643,43.62854372001491,10.073771238971114
278,-0.250869,1.4014392,0.051703725,153.10968331849733,43.62701264518053,10.05206409489595
279,-0.25090012,1.401378,0.05201703,153.07684397272132,43.70886575702855,10.035201174941454
280,-0.25101766,1.4010692,0.05263429,152.97949185843729,43.91299996379165,10.045914433509004
281,-0.25149274,1.4006865,0.053663794,152.8079733243492,44.2422333844712,9.980391036557673
282,-0.2524974,1.4003007,0.055423636,152.5263455857504,44.667645527032334,9.790838487310639
283,-0.25380644,1.3998603,0.05760338,152.31589959831769,45.229874760458635,9.702567624424285
284,-0.2554182,1.3995615,0.059927687,152.30578890239255,45.85567623685705,9.769305250022185
285,-0.25729075,1.3992705,0.062460966,152.45652899285258,46.55025391892295,10.026891312139544
286,-0.2592807,1.3987193,0.0653305,152.6423946810322,47.3121622528292,10.435404862024267
287,-0.26122725,1.3978634,0.06840261,152.82050896694076,48.0818689133225,10.952259204487422
288,-0.2632263,1.3970069,0.07137865,153.1500188033249,48.836561402009295,11.605947527219922
289,-0.26547426,1.3964732,0.074212134,153.55887292459695,49.51376147340527,12.22231207538165
290,-0.26810014,1.3963948,0.07647038,154.45500715167864,50.330275205002366,13.13960159605027
291,-0.27086225,1.3964148,0.07815338,155.440971771268,51.41826006164037,14.090702654865932
292,-0.27310574,1.3962162,0.07934127,155.85465410270652,52.52054746977303,14.59313806911699
293,-0.2746514,1.3960011,0.07974793,155.8753300425233,53.410568040158566,14.707200690347864
294,-0.27572304,1.3959625,0.07963938,155.51946026872457,53.976734481281625,14.318231038362962
295,-0.27639773,1.3961359,0.079416916,155.02338169919895,54.298713481218975,13.685453944144857
296,-0.2770711,1.3964124,0.07936399,154.62879240076882,54.53444145746012,13.059020194198709
297,-0.27785325,1.3965938,0.079747565,154.41968292449133,54.82893861508795,12.5982529057711
298,-0.2787294,1.3966454,0.08062208,154.22801264657673,55.19168687085816,12.158810950344405
299,-0.2798086,1.3967445,0.08173434,153.9783141443859,55.5544901836307,11.609160026321382
300,-0.2809376,1.3967869,0.0829895,153.67837113323347,55.924972172304464,11.049779999990275
301,-0.28201872,1.3968703,0.08426156,153.25752640620973,56.22931686774847,10.493281889924395
302,-0.2832513,1.3973453,0.08506007,152.96153160484877,56.34693060992299,10.026450935561249
303,-0.28452855,1.3981872,0.08514076,152.9357488315615,56.233711474489276,9.772504561462547
304,-0.28539383,1.3989774,0.08452462,153.0050765283133,55.87313793156192,9.666528998042827
305,-0.28585434,1.399657,0.08321817,153.03606880343358,55.300724501722506,9.558704322097235
306,-0.2859687,1.4000599,0.0814125,153.05554786773058,54.64978904129194,9.488101810799943
307,-0.28547257,1.3999295,0.07966907,152.7432687178928,53.95808606662961,9.29807871683404
308,-0.28453702,1.3995934,0.07809998,152.4099311600093,53.30509535559966,9.178319285603692
309,-0.28337824,1.3993676,0.07671421,152.34712324295901,52.819570301812426,9.274674440125734
310,-0.2819444,1.3992629,0.07552915,152.41556132690775,52.523364495493354,9.38463828202408
311,-0.27986956,1.3990787,0.074681684,152.15723581220502,52.233264832499,9.138490949000827
312,-0.2771179,1.3991079,0.073862664,151.87147007283065,51.909677548355255,8.786013840112284
313,-0.2740095,1.399664,0.07267346,151.77901544397758,51.552014674635366,8.43452797024553
314,-0.2706373,1.4005817,0.07093403,151.70157650034696,51.08608605857899,7.960217382041238
315,-0.2669552,1.4015788,0.06878061,151.3989976702017,50.45033993296606,7.265918802835025
316,-0.26328382,1.4027809,0.06605504,151.13509006858374,49.80746806631352,6.589764135370074
317,-0.25981602,1.4040831,0.0626795,150.78453642445965,49.12372819550407,5.781717901978214
318,-0.2566037,1.4052587,0.05869097,150.19673553676884,48.364527987328124,4.745217485469526
319,-0.25371763,1.406161,0.05413378,149.40003503706012,47.54091135715032,3.554470282963809
320,-0.25107935,1.4065909,0.049054865,148.37311192641263,46.559127961546146,2.1528790064265557
321,-0.24821919,1.4060738,0.044032466,146.8877658135297,45.23782848885603,0.5607831851360884
322,-0.24550669,1.4050504,0.039079003,145.5279606991434,43.80221059769229,-0.770262965418223
323,-0.24323028,1.4038736,0.034382045,144.51503273300216,42.47614009145846,-1.7261909613280775
324,-0.24129745,1.4024644,0.030580495,143.506737021255,41.28804910289122,-2.620526635696824
325,-0.23968351,1.4009871,0.027585076,142.46085442205677,40.13844292330084,-3.587053319606733
326,-0.23815586,1.3994274,0.025365435,141.52257710116265,39.0693550231833,-4.374557434041543
327,-0.23669198,1.3979608,0.023882477,140.75408349480682,38.1525087914009,-4.91820500262873
328,-0.2353943,1.3966146,0.022860985,140.12903788446562,37.28222770515719,-5.339263031437313
329,-0.2341331,1.3953094,0.02219108,139.61647331275208,36.48119773329886,-5.607436404057956
330,-0.23291826,1.3942044,0.021670232,139.28294266549057,35.82178449739009,-5.663936250364468
331,-0.2318985,1.3934124,0.021232324,139.1217764917541,35.33804212008187,-5.558248379154894
332,-0.23117575,1.3929552,0.020931682,139.0692132291856,35.0094443218204,-5.436426001140377
333,-0.23072825,1.3926797,0.020678567,139.04394607022934,34.7689670057576,-5.362579825982638
334,-0.23048395,1.3923907,0.020541623,139.00188080799697,34.61696521235655,-5.320858064826124
335,-0.23023637,1.3921585,0.020284858,138.96658279021696,34.480908606186695,-5.318119897552396
336,-0.22996688,1.3918071,0.02008038,138.85597055979005,34.36485664253924,-5.358263257514041
337,-0.229571,1.3913349,0.019807292,138.7033579175913,34.246181652015615,-5.3934932108083
338,-0.2289805,1.3908477,0.019337878,138.56319135921402,34.02638048054091,-5.418350289473206
339,-0.2281989,1.3902886,0.018975513,138.39052239897316,33.78570510992585,-5.385266361768125
340,-0.22744952,1.3899684,0.018452415,138.35648204358614,33.54251973725829,-5.287161120277965
341,-0.22686289,1.3897424,0.017910771,138.36549654012478,33.316683742292305,-5.18347370028663
342,-0.2266216,1.389596,0.017630829,138.36466313232486,33.19686750021301,-5.10313544908724
343,-0.22660008,1.3893197,0.017695852,138.2953141685751,33.236123319143964,-5.008266592806305
344,-0.2267922,1.3890362,0.017867658,138.23791069583712,33.33635164832685,-4.933352226490373
345,-0.22718653,1.388784,0.018241135,138.20889070407017,33.51597936828007,-4.842551515742681
346,-0.22753635,1.3886399,0.01862188,138.24350385297558,33.74140626779512,-4.72324657833561
347,-0.22781874,1.3886274,0.019001566,138.26430611731064,33.934268221385445,-4.686332675020202
348,-0.22795978,1.3887272,0.0193716,138.28741984846008,34.07342960878599,-4.669117131540576
349,-0.22805293,1.3889852,0.019523192,138.3780174886234,34.13248999004696,-4.6599964731501275
350,-0.22809204,1.3892388,0.019576225,138.4830521784818,34.15726453064507,-4.636014547779204
351,-0.2281171,1.3894093,0.019702688,138.5567428116693,34.19019334246743,-4.611944713079782
352,-0.22815593,1.3894533,0.01995423,138.55804788761714,34.25733075403133,-4.62298207965562
353,-0.22816268,1.3893946,0.020273987,138.5296706083167,34.34771228194003,-4.625398517725374
354,-0.22829908,1.3894477,0.020494858,138.5775588129581,34.44857633055069,-4.606196435941305
355,-0.22845176,1.3895456,0.020626947,138.6435910306912,34.54445729583446,-4.576515643300815
356,-0.22853087,1.3895779,0.02070767,138.6719214205947,34.62796772240881,-4.545971161811605
357,-0.22852543,1.389517,0.020727085,138.6870068732562,34.67535072657865,-4.481132917356318
358,-0.22854356,1.3892342,0.020763285,138.66295462907198,34.70054798016897,-4.360456423787963
359,-0.22873057,1.3887818,0.020881407,138.61276462444508,34.768710232636906,-4.202371548518223
360,-0.22921582,1.3884715,0.02113594,138.62305441764337,34.92488855252416,-4.042441802943013
361,-0.22985254,1.3882841,0.021509003,138.6637565751067,35.13606507396455,-3.915573022682888
362,-0.23041572,1.3881037,0.021853093,138.71218112099402,35.326207572858515,-3.7888779092808322
363,-0.23079172,1.3880491,0.022124557,138.81702111393625,35.45548055410824,-3.6135801410848383
364,-0.23100261,1.3880444,0.022279331,138.9709756899492,35.5669484436659,-3.404814936846243
365,-0.23111056,1.3880343,0.022464292,139.08922485034228,35.685334057797085,-3.2362720678902313
366,-0.23118185,1.388095,0.022742795,139.16868517307162,35.811094109816345,-3.1228311863053237
367,-0.23124348,1.3882046,0.023026196,139.23320654834296,35.94239552429895,-3.0491793424717715
368,-0.23129198,1.3883042,0.023217019,139.30255482540804,36.09033995604327,-2.9901545009576957
369,-0.2313374,1.3884304,0.023361925,139.33825218429783,36.19765599080548,-2.9847982436770346
370,-0.23119411,1.3885213,0.02344736,139.3569400792669,36.257891847137294,-2.981018280417074
371,-0.23086004,1.388623,0.02347481,139.37637425948787,36.25499970282654,-2.996145433854518
372,-0.2305517,1.3888967,0.02358094,139.44721807413396,36.21065594479039,-3.0056761702703514
373,-0.230215,1.3892914,0.023707388,139.55386331688965,36.16251963062504,-3.0055897149131146
374,-0.2297432,1.3896686,0.023697333,139.6343457895113,36.06662316885781,-3.035146494283636
375,-0.22931793,1.3899181,0.023610514,139.72041800274178,35.93990134274074,-3.00763678116645
376,-0.2290224,1.3901104,0.023513265,139.81876596618795,35.83207422990519,-2.949977418869172
377,-0.22890764,1.3902668,0.023435617,139.91910889033173,35.72947030803978,-2.9117379989624896
378,-0.22904219,1.3902856,0.023688402,140.0277221848623,35.72164074469549,-2.8123405931094494
379,-0.22924943,1.3902476,0.024108812,140.121962085097,35.801101203377634,-2.6965058975368392
380,-0.2293518,1.3902618,0.024383597,140.18918074362804,35.90549700054918,-2.6219800737539534
381,-0.2294088,1.390353,0.024463361,140.21780936420384,35.95318552703664,-2.6293962077335835
382,-0.22928312,1.3904533,0.024281112,140.22652340222146,35.92773327820054,-2.6646552065739955
383,-0.22900651,1.3904574,0.023878863,140.21327110688375,35.82258936247799,-2.7038799565407694
384,-0.2287769,1.3902667,0.023546994,140.13877976054897,35.681207750645314,-2.7259238233054277
385,-0.22862032,1.3899235,0.023320809,140.02574047666235,35.577326372066615,-2.7286764030331483
386,-0.22846985,1.3895495,0.02321421,139.89088590863,35.51870762440256,-2.751375013337998
387,-0.22842306,1.3893598,0.023278719,139.79112417674955,35.51559749572377,-2.7971294657205945
388,-0.22833653,1.389388,0.023302346,139.74171022539142,35.50918608832217,-2.8939803929867516
389,-0.22808723,1.3895386,0.023274122,139.73905110236842,35.456443170262865,-2.9761198919359164
390,-0.22790065,1.3897967,0.023330992,139.78695613061686,35.33800147221845,-2.999231695459086
391,-0.22781761,1.3901156,0.023487072,139.89829099397454,35.25768860943846,-2.93882135348344
392,-0.22790533,1.3905449,0.023690173,140.05398141578777,35.247809399239465,-2.897661767812475
393,-0.22813635,1.391057,0.02397175,140.24118667296887,35.31032952278209,-2.8713650487327413
394,-0.22839485,1.3916368,0.024303656,140.45778213078808,35.428411484130585,-2.8376086016394573
395,-0.22862925,1.3922175,0.024620358,140.66571740664423,35.55165190422835,-2.8231710240362244
396,-0.2288483,1.3927853,0.024931248,140.86931350409827,35.640953471476315,-2.788502727939285
397,-0.22906248,1.3933053,0.025111314,141.08057802886776,35.69720134193392,-2.7289369676436355
398,-0.22926441,1.3935694,0.0252428,141.2093327808314,35.74913472653029,-2.6769458455236235
399,-0.22944504,1.3933139,0.025562009,141.123251322455,35.79882449277717,-2.652385144791384
400,-0.22954981,1.3924507,0.026063608,140.82226796916063,35.85469251881593,-2.6299244359118954
401,-0.22985612,1.3917279,0.026280392,140.6393253089542,35.90643514234685,-2.5819472083659676
402,-0.23051144,1.3923188,0.025595794,141.0860730908725,35.91455146875403,-2.4033834739811395
403,-0.23101875,1.3935796,0.024813587,141.7337097676029,35.909352640509454,-2.174512866685295
404,-0.23119825,1.3947088,0.024492258,142.17664805067045,35.901572681509755,-2.0696995034037595
405,-0.23103876,1.395343,0.02466199,142.35233493974772,35.936717031424465,-2.0580165432468602
406,-0.23066083,1.395393,0.025099218,142.32332373023914,36.015437644424296,-2.075399744848832
407,-0.23020871,1.3948605,0.025456034,142.13690060762582,36.03302920517449,-2.114401530620455
408,-0.22979796,1.394147,0.025589371,141.9653761979166,36.01666762726708,-2.103128080276652
409,-0.22969851,1.3940479,0.025339186,142.07288282659354,36.02979131516957,-2.045060567443914
410,-0.22987998,1.3945775,0.025028698,142.34409719998956,36.08337326820361,-2.0100927286533445
411,-0.23029462,1.3955404,0.024823723,142.72102378196337,36.23264141713048,-1.966576556296942
412,-0.23098846,1.3970563,0.024594361,143.27790578188169,36.461235847654585,-1.9567120612385847
